id;id_appointment_notification;description;state
1;11619;redundant;quantify Tasty eco-centric
2;27631;functionalities Supervisor Practical Granite Chips;Tasty
3;54778;Administrator;microchip hard drive
4;42272;sexy;Gorgeous Rubber Mouse Berkshire
5;74016;withdrawal;payment Liaison
6;60363;Rustic Unbranded;Incredible Cotton Computer Nepalese Rupee Plaza
7;9209;Estonia deposit;Coordinator Organic Tenge
8;70662;Home Loan Account interface dedicated;Outdoors Sausages
9;11706;Dale;Implementation capacitor
10;88299;ivory;Credit Card Account whiteboard
