id;identification;email;name;address
1;mobile Fish;Lavinia44@hotmail.com;Small;FTP Savings Account
2;deposit Tasty Metal Bacon Implementation;Cheyenne61@gmail.com;Home Loan Account;web-readiness
3;Namibia;Brody97@yahoo.com;Multi-channelled Licensed;grey Cambridgeshire
4;Canyon HDD;Cecile1@hotmail.com;Usability South Dakota envisioneer;Intelligent
5;Monitored Bahamian Dollar Investment Account;Alexzander.Daniel25@hotmail.com;invoice;convergence
6;Mayotte;Alexandrea_Wisozk44@gmail.com;e-enable Communications capacitor;Awesome
7;Aruba;Eric_Sporer@hotmail.com;South Georgia and the South Sandwich Islands;compelling mission-critical
8;bifurcated scalable;Araceli.Armstrong77@gmail.com;orange Books;magenta monitor 1080p
9;Unbranded Plastic Tuna Frozen;Rossie.Mueller@hotmail.com;Fantastic Plastic Chicken;payment
10;withdrawal COM;Geovanny_Carter84@yahoo.com;hard drive Robust Networked;Poland
