id;id_elderly;name;name_2;last_name;last_name_2;age;nationality;address;admission_date;state
1;mobile Fish;Home Loan Account Table Computer;Trace;Hartmann;Metal deposit;5641;transmitter Implementation Electronics;Soap methodology Albania;2019-11-10;intangible
2;enable Gorgeous Frozen Pants;Common;Savings Account syndicate Planner;Konopelski;HDD;68030;Centers;Factors;2019-11-09;cross-platform access
3;Public-key;infomediaries;Investment Account;Sipes;Salad;39106;Tuna;hardware Costa Rica Mayotte;2019-11-10;Facilitator
4;Views e-enable Communications;National Awesome sky blue;Tactics;Sporer;compress South Georgia and the South Sandwich Islands;58675;Specialist Home Loan Account;Plastic;2019-11-09;Small
5;deliverables reinvent 24 hour;overriding;monitor 1080p Checking Account;Walter;deposit Internal;85003;Highway Ergonomic;moratorium moratorium;2019-11-10;withdrawal COM
6;embrace Developer;synthesize Idaho compress;Sleek Metal Table Small;Kessler;red;89576;Harbor Montana;Corporate Phased relationships;2019-11-09;User-centric
7;Money Market Account;Salad Web virtual;Refined Squares;Emmerich;e-business;88328;projection Fresh;support Gorgeous;2019-11-10;synergies copying
8;ability Hat Iraq;magenta Concrete;User-centric Gloves;Emmerich;Oklahoma facilitate;6489;Versatile Exclusive Moroccan Dirham;capability zero tolerance Computers;2019-11-10;Berkshire Small Plastic Pants Investor
9;Canadian Dollar;Berkshire Designer;Credit Card Account;Bode;24/7 Re-contextualized cross-platform;47030;Orchestrator deliver;Licensed hacking installation;2019-11-10;Refined Rubber Gloves Algerian Dinar Clothing
10;open-source turn-key;Sausages;disintermediate Cambridgeshire hacking;Padberg;bandwidth azure;54144;Fiji Dollar Profound Bacon;Macao Equatorial Guinea Vision-oriented;2019-11-10;Customer Human deposit
