id;id_family;name;name_2;last_name;last_name_2;phone_1;phone_2;age;family_relation;state
1;mobile Fish;Home Loan Account Table Computer;Trace;Hartmann;Metal deposit;Producer;Implementation Electronics Officer;61748;Home Loan Account;web-readiness
2;Namibia;Steel zero administration;Multi-channelled Licensed;Mosciski;syndicate;Mississippi Refined Rubber Chicken Table;Automotive;94220;South Dakota envisioneer Music;Nakfa
3;Bahamian Dollar Investment Account;Games Regional Digitized;copy convergence;Durgan;Georgia Industrial;connect Markets Chief;capacitor archive;57044;Aruba;software scale interactive
4;Louisiana Specialist Home Loan Account;Plastic;Car Industrial deliverables;Huels;24 hour;overriding;monitor 1080p Checking Account;92630;deposit Internal;Investment Account archive Fantastic Plastic Chicken
5;payment;withdrawal COM;embrace Developer;Stanton;hard drive Robust Networked;Poland;Small partnerships;20171;Dynamic;knowledge base Buckinghamshire
6;Concrete Investment Account Saint Lucia;User-centric;Money Market Account;Powlowski;JSON;virtual deposit;Squares mint green e-business;88328;projection Fresh;support Gorgeous
7;withdrawal;copying;ability Hat Iraq;Kub;Bahamian Dollar;24/7;Gloves sky blue Oklahoma;40383;Tasty Concrete Chips Exclusive;Buckinghamshire capability zero tolerance
8;mission-critical;Berkshire Small Plastic Pants Investor;Canadian Dollar;Lehner;Way Dominican Republic;Bulgarian Lev navigate;Re-contextualized;80313;Point Orchestrator;Solomon Islands Licensed
9;Gloves Bedfordshire Argentine Peso;Kentucky Algerian Dinar Clothing;open-source turn-key;Boyer;Quality;synthesize Creative;Forint;73521;azure;SMS Enhanced
10;Bacon Designer;Equatorial Guinea Vision-oriented;Agent;Lynch;THX pink even-keeled;bus Internal AI;THX bypassing Marketing;78534;New Zealand Dollar Alabama transform;invoice Home Gloves
