id;id_funeral_packages;name;description;price;state
1;80258;Hawaii Berkshire;Unbranded Plastic Shirt;81668;mobile
2;81820;Guadeloupe;Borders TCP Buckinghamshire;70225;Architect
3;13148;clear-thinking disintermediate mindshare;JSON Swedish Krona;25817;Guyana Dollar secured line
4;71842;Creative driver THX;Handmade Concrete Bacon;5952;Auto Loan Account
5;68658;Metal;online withdrawal;9228;Investment Account
6;54958;Senior optimize forecast;Group Zloty Zloty;36191;Home Loan Account Beauty deposit
7;91328;Savings Account;Fish deposit reboot;52999;connecting
8;99126;backing up;relationships heuristic Avon;57719;Unbranded Wooden Bacon Hawaii
9;34316;transmitter deposit;visualize navigating whiteboard;7761;French Southern Territories
10;86174;Minnesota Secured revolutionize;COM Legacy;43098;success
