id;id_mortuary;email;name;address
1;Checking Account Multi-channelled;Jazmin14@hotmail.com;invoice olive Practical;vortals payment Finland
2;haptic;Rachel_Hermann@gmail.com;neural;pink Synergized
3;Gibraltar;Nikita.Romaguera@hotmail.com;Fresh;GB AGP
4;Division;Winifred_Rohan2@yahoo.com;Ergonomic Granite Pants Product;target primary
5;withdrawal navigating;Augustine_Ryan@yahoo.com;mint green;Gorgeous impactful
6;Indiana withdrawal bluetooth;Cletus_Volkman52@yahoo.com;Ridge;back-end methodology
7;customized Product Chips;Brooks3@yahoo.com;customized;invoice Gloves schemas
8;Executive SCSI;Queen.Ritchie@gmail.com;Administrator Cambridgeshire Metal;withdrawal Chips JBOD
9;deposit Steel;Keenan.Botsford@hotmail.com;programming blue innovate;pink SQL programming
10;Handmade copy;Janie_Turcotte45@hotmail.com;end-to-end;transmitting FTP
