id;id_pharmacy;email;name;address
1;Wooden FTP;Myriam_OConner@gmail.com;Investment Account RSS;mobile Direct
2;Licensed withdrawal Quality;Humberto27@hotmail.com;Program Triple-buffered online;withdrawal withdrawal District
3;Polarised Senior;Josh10@yahoo.com;Analyst bandwidth Small Steel Computer;alarm Licensed Steel Computer Books
4;Buckinghamshire facilitate Green;Faye_Witting66@hotmail.com;grey Shirt Awesome;synthesizing Gorgeous Cotton Chair
5;Sleek;Stanley_Grimes22@hotmail.com;Coordinator Djibouti Franc;Concrete
6;reciprocal Generic Frozen Hat;Allie.Tremblay79@yahoo.com;holistic;Rubber Borders Legacy
7;bluetooth deposit;Althea92@gmail.com;Compatible seize;Japan maximize
8;Response;Tina.Cartwright49@gmail.com;Baby Specialist New Taiwan Dollar;SCSI
9;Universal Egypt invoice;Jaiden_Wolff72@gmail.com;override deposit;intranet
10;Engineer Operations Handmade Wooden Computer;Marlene81@gmail.com;tan Avon copying;relationships quantify generate
