id;identification;email;name;provider_type;address
1;Advanced Awesome Rubber Mouse;Ludie.Mosciski50@hotmail.com;Switzerland Operations;Unions Jewelery leading-edge;Shirt Moldova
2;Kyrgyz Republic;Glennie_Runolfsdottir@yahoo.com;monitor Operations Sports;synergies;deposit Principal Profound
3;streamline azure Inlet;Barrett_Cummerata@gmail.com;Fiji;system engine haptic Moldova;Generic
4;interface zero administration networks;Joyce68@gmail.com;Bacon Cocos (Keeling) Islands card;multi-byte;Universal
5;supply-chains Licensed connecting;Alta.Leffler@yahoo.com;Kids invoice Cambridgeshire;Secured olive;Shirt next-generation
6;Legacy efficient Exclusive;Eliza_Goodwin85@hotmail.com;New Leu primary;Savings Account Landing Delaware;Re-engineered
7;RSS sky blue Intelligent;Elwyn60@gmail.com;New Zealand;Integrated;Checking Account Avon
8;bi-directional Credit Card Account Kenyan Shilling;Hilario_Kilback69@yahoo.com;Director;bypassing;array Virginia
9;bypass;Arvilla_Nolan19@gmail.com;framework Future-proofed;Checking Account convergence;Handcrafted Soft Car Profit-focused Ethiopia
10;Credit Card Account Pataca Function-based;Estel.Dicki99@yahoo.com;withdrawal Wyoming;Lodge proactive New Hampshire;Usability
