id;identification;id_type_user;email;name;name_2;last_name;last_name_2;phone_1;phone_2;age;password;state
1;mobile Fish;77969;Lauryn.Crist@yahoo.com;Practical Fresh Pants;Metal deposit;Bednar;transmitter Implementation Electronics;Soap methodology Albania;Home Namibia;39986;Gorgeous Frozen Pants;Common
2;Savings Account syndicate Planner;46676;Ryleigh.Moen45@gmail.com;Automotive;Planner cross-platform access;Boyle;Nakfa;Bahamian Dollar Investment Account;Games Regional Digitized;66252;hardware Costa Rica Mayotte;Industrial
3;connect Markets Chief;59789;Theodora57@hotmail.com;Aruba;software scale interactive;Shields;compelling mission-critical;bifurcated scalable;Small;98688;index orange;Jewelery
4;monitor;72900;Olen92@hotmail.com;deposit Internal;Investment Account archive Fantastic Plastic Chicken;Hane;pixel withdrawal;Mississippi embrace Developer;synthesize Idaho compress;49379;Poland;Small partnerships
5;Outdoors;63641;Emelie_MacGyver@yahoo.com;Concrete Investment Account Saint Lucia;User-centric;Blick;neutral Salad;Auto Loan Account modular Refined;digital maroon;89255;Ghana back-end National;Direct
6;Profit-focused;42710;Rebeca.Herman0@gmail.com;Borders;Bedfordshire Bahamian Dollar;Gleichner;User-centric Gloves;Mauritania;facilitate Tasty Concrete Chips Exclusive;69630;card Plastic;Computers Personal Loan Account Berkshire
7;Home;34507;Lorenza.Ferry53@hotmail.com;Way Dominican Republic;Bulgarian Lev navigate;Feil;transmitter;Point Orchestrator;Solomon Islands Licensed;83530;installation;Argentine Peso
8;Kentucky Algerian Dinar Clothing;51209;Daniella.Heidenreich@hotmail.com;Quality;synthesize Creative;Conn;bricks-and-clicks Concrete Global;Fiji Dollar Profound Bacon;Macao Equatorial Guinea Vision-oriented;9310;Customer Human deposit;even-keeled Saint Helena Pound
9;Internal AI optical;64203;Arthur78@hotmail.com;New Zealand Dollar Alabama transform;invoice Home Gloves;Lowe;Cayman Islands Dollar invoice;Fish;Networked;32539;navigate;program alarm
10;Nevada;9367;Fredy25@yahoo.com;Wisconsin;target Human withdrawal;Schimmel;Borders North Dakota;CSS Re-contextualized;local Shoes;64547;Chips;Villages uniform PCI
